Date,Time,Name
2024-03-29,22:14:02,Black Shadow
2024-03-29,22:14:03,Black Shadow
2024-03-29,22:14:03,Black Shadow
2024-03-29,22:14:04,Black Shadow
2024-03-29,22:14:05,Black Shadow
2024-03-29,22:14:05,Black Shadow
2024-03-29,22:14:06,Black Shadow
2024-03-29,22:14:07,Black Shadow
2024-03-29,22:14:08,Black Shadow
2024-03-29,22:14:09,Black Shadow
2024-03-29,22:14:10,Black Shadow
2024-03-29,22:14:11,Black Shadow
2024-03-29,22:14:12,Black Shadow
2024-03-29,22:14:12,Black Shadow
2024-03-29,22:14:13,Black Shadow
2024-03-29,22:14:14,Black Shadow
2024-03-29,22:14:14,Black Shadow
2024-03-29,22:14:15,Black Shadow
2024-03-29,22:14:16,Black Shadow
2024-03-29,22:14:16,Black Shadow
2024-03-29,22:14:17,Black Shadow
2024-03-29,22:14:17,Black Shadow
2024-03-29,22:14:18,Black Shadow
2024-03-29,22:14:18,Black Shadow
2024-03-29,22:14:19,Black Shadow
2024-03-29,22:14:19,Black Shadow
2024-03-29,22:14:20,Black Shadow
2024-03-29,22:14:20,Black Shadow
2024-03-29,22:14:21,Black Shadow
2024-03-29,22:14:21,Black Shadow
2024-03-29,22:14:22,Black Shadow
2024-03-29,22:14:22,Black Shadow
2024-03-29,22:14:23,Black Shadow
2024-03-29,22:14:23,Black Shadow
2024-03-29,22:14:24,Black Shadow
2024-03-29,22:14:24,Black Shadow
2024-03-29,22:14:25,Black Shadow
2024-03-29,22:14:27,Black Shadow
2024-03-29,22:14:28,Black Shadow
2024-03-29,22:14:28,Black Shadow
2024-03-29,22:14:29,Black Shadow
2024-03-29,22:14:29,Black Shadow
2024-03-29,22:14:30,Black Shadow
2024-03-29,22:14:30,Black Shadow
2024-03-29,22:14:31,Black Shadow
2024-03-29,22:14:31,Black Shadow
2024-03-29,22:14:32,Black Shadow
2024-03-29,22:14:32,Black Shadow
2024-03-29,22:14:33,Black Shadow
2024-03-29,22:14:33,Black Shadow
2024-03-29,22:14:34,Black Shadow
2024-03-29,22:14:34,Black Shadow
2024-03-29,22:14:35,Black Shadow
2024-03-29,22:14:35,Black Shadow
2024-03-29,22:14:36,Black Shadow
2024-03-29,22:14:36,Black Shadow
2024-03-29,22:14:37,Black Shadow
2024-03-29,22:14:37,Black Shadow
2024-03-29,22:14:38,Black Shadow
2024-03-29,22:14:38,Black Shadow
2024-03-29,22:14:39,Black Shadow
2024-03-29,22:14:39,Black Shadow
2024-03-29,22:14:40,Black Shadow
2024-03-29,22:14:40,Black Shadow
2024-03-29,22:14:41,Black Shadow
2024-03-29,22:14:41,Black Shadow
2024-03-29,22:14:45,Black Shadow
2024-03-29,22:14:45,Black Shadow
2024-03-29,22:14:46,Black Shadow
2024-03-29,22:14:46,Black Shadow
2024-03-29,22:14:47,Black Shadow
2024-03-29,22:14:47,Black Shadow
2024-03-29,22:14:48,Black Shadow
2024-03-29,22:14:55,Black Shadow
2024-03-29,22:14:56,Black Shadow
2024-03-29,22:14:56,Black Shadow
2024-03-29,22:14:57,Black Shadow
2024-03-29,22:14:57,Black Shadow
2024-03-29,22:14:58,Black Shadow
2024-03-29,22:14:58,Black Shadow
2024-03-29,22:14:59,Black Shadow
2024-03-29,22:14:59,Black Shadow
2024-03-29,22:15:00,Black Shadow
2024-03-29,22:15:00,Black Shadow
2024-03-29,22:15:01,Black Shadow
2024-03-29,22:15:01,Black Shadow
2024-03-29,22:15:02,Black Shadow
2024-03-29,22:15:02,Black Shadow
2024-03-29,22:15:03,Black Shadow
2024-03-29,22:15:06,Black Shadow
2024-03-29,22:15:09,Black Shadow
2024-03-29,22:15:09,Black Shadow
2024-03-29,22:15:12,Black Shadow
2024-03-29,22:15:12,Black Shadow
2024-03-29,22:15:13,Black Shadow
2024-03-29,22:15:13,Black Shadow
2024-03-29,22:15:14,Black Shadow
2024-03-29,22:15:14,Black Shadow
2024-03-29,22:15:15,Black Shadow
2024-03-29,22:15:15,Black Shadow
2024-03-29,22:15:16,Black Shadow
2024-03-29,22:15:16,Black Shadow
2024-03-29,22:15:19,Black Shadow
2024-03-29,22:15:20,Black Shadow
2024-03-29,22:15:20,Black Shadow
